HA,AN,DI,FE,SA,SU
-0.007277527,0.016434552,0.010187705,0.074649215,0.06846058,-0.030595073
-0.016009333,-0.07732987,-0.055635054,-0.0042733112,-0.04903359,-0.07273524
-0.0064122067,0.024572697,0.068329886,-0.00487915,-0.024316857,0.010838691
-0.015755322,-0.054211173,-0.0048492136,-0.055140395,0.071255006,0.047587533
-0.04643339,0.0017634587,-0.052496422,-0.009725855,0.038864776,0.004901161
0.03702195,-0.013302211,0.0013419269,-0.017135322,0.051498383,-0.084297255
0.035664886,0.039425083,0.032866813,0.053862046,0.03533675,-0.036412787
0.043523673,0.023310535,0.03776132,-0.03870605,-0.03825777,0.044093914
-0.04720022,-0.01524399,-0.051764287,-0.018559478,-0.01402501,0.0134340385
0.0039158906,0.06982191,0.050703865,-0.0025856681,-0.011458033,0.015547133
0.0100190975,0.030570313,0.018304992,-0.0076678055,0.029708516,0.027000494
-0.026515406,-0.013041669,0.058879845,-0.022152452,0.040391278,-0.01458287
-0.0068940166,0.041405715,0.0511141,-0.13608642,0.035176054,-0.0003066745
0.048098713,-0.016497636,0.04572134,0.06671516,0.021322275,0.0031284885
-0.04390762,0.028908085,0.012956725,-0.02042626,0.010213049,0.01560793
-0.01957206,-0.056676067,-0.07255321,0.024890652,0.032826085,0.034295406
0.020087903,-0.029239839,-0.07780165,0.103130184,0.059262104,0.10908688
0.02366037,-0.009023838,-0.042819623,-0.03303554,0.06161773,0.047053162
-0.02702979,-0.0924691,-0.026618721,0.0496878,0.0146072265,-0.0015780004
0.047003806,-0.053881243,-0.032634977,-0.043622144,-0.043090835,-0.054242563
0.018970933,-0.041961346,-0.018302651,-0.07547228,-0.030852996,0.010077597
0.024539279,0.044163845,0.057870045,0.023012849,-0.001095805,-0.008329954
-0.0069631673,0.07772708,-0.0026160632,-0.022506632,0.013266561,-0.027276862
-0.016152145,0.01584819,0.067693785,0.113374606,0.06058609,0.014761694
-0.038278207,0.062494732,-0.0041800756,-0.03522384,-0.039257046,-0.054530315
-0.045088213,0.15476376,-0.009036674,0.0734716,0.0007633686,0.032744747
0.09912007,0.023387602,0.13386501,-0.097917646,-0.030442055,-0.010488524
-0.0072263554,0.050851624,0.04233814,0.015803989,-0.0460224,-0.04750583
0.083899476,-0.072978154,0.06857802,0.01664913,-0.06301698,0.03513708
0.045301955,0.030976452,-0.1191152,0.064312994,0.035937678,-0.062031027
-0.003488666,-0.07213443,0.024617536,0.020124046,-0.016742786,0.010374129
0.047833793,-0.025752313,0.034304135,-0.0074386643,-0.0075691533,-0.1071721
-0.018301252,0.0031925156,0.013460577,-0.062917255,-0.012100673,-0.03352771
-0.05562962,-0.012480869,-0.008727486,0.06580821,0.01585182,0.021065067
0.055789903,0.034244016,0.020571617,0.068743095,0.059203513,-0.030862749
-0.029131843,0.018557262,-0.0053803935,0.01576676,-0.055327646,0.04156794
-0.04835251,-0.025811901,-0.044612017,-0.041477248,-0.0081883175,0.046208013
0.041322753,-0.008392541,0.039117042,0.04223326,-0.02710318,-0.0025055297
-0.046018817,-0.01876701,-0.04117833,0.08654406,0.034741342,0.01875439
-0.0113818785,0.026132692,0.043026652,-0.003364008,0.060921133,-0.023045644
-0.05975874,0.0205154,0.026554517,-0.05085192,-0.02779119,-0.070950106
-0.014900237,0.04581359,0.013824459,-0.02893582,-0.030439768,-0.061071552
0.033026654,0.038893845,-0.06819427,0.030562134,-0.02233525,0.014294327
0.0013399251,-0.037397265,-0.009660681,0.01523173,0.06446219,-0.06323003
-0.014704722,0.004912421,0.016320074,0.029233253,0.005339112,-0.11084355
-0.038611785,0.05139147,-0.023486054,0.023619203,-0.052706704,-0.03559735
-0.017463734,-0.013768631,0.053537264,0.10885692,-0.027800092,0.026960544
-0.022191592,-0.062233403,-0.034363374,0.055666666,-0.107099704,0.0029610728
0.094792545,-0.009113889,0.017662283,0.014016564,0.02203974,0.02681754
-0.022005264,0.034740783,-0.025421923,0.0013676651,0.089024045,0.011791132
-0.03248235,0.063235186,0.0028192145,0.045668546,-0.015924264,0.09278759
0.052250817,-0.019756922,0.011039387,-0.0001007543,0.016276784,-0.13386218
0.023547992,0.06293127,0.06789641,-0.11576589,0.008594017,0.00042149954
0.011640455,0.004728218,-0.050598547,-0.010742106,0.08378249,0.029089665
-0.014890145,0.07026863,0.007009601,-0.013949438,0.06538729,0.044734217
-0.029698284,-0.046280995,0.011867618,0.0014836313,0.027965741,-0.04635285
-0.014382277,0.04023362,0.0046157967,0.01293453,-0.07383543,0.02579443
0.04114865,0.028659262,-0.016410254,0.023121573,-0.029217431,-0.03239812
-0.11249531,-0.039605197,-0.0004914506,-0.0017071164,0.05957484,-0.03593147
0.08553962,-0.005138053,0.023179876,0.062273465,0.017363591,0.025154572
0.02106568,-0.029696526,-0.05428412,0.023949718,0.0016511014,-0.08558798
0.060091767,0.025276333,-0.04901503,0.044641722,-0.030990083,-0.014481148
0.0488813,0.044772085,0.00625138,0.069675006,0.048494298,-0.023467496
-0.017166827,-0.04103946,0.05444638,0.048507947,-0.016056888,0.024926653
0.032336477,-0.072016776,0.051754728,0.036220565,-0.0003901751,0.07040108
0.018493038,-0.05846799,-0.055225026,0.06438459,0.0027054846,0.026726624
-0.09178603,-0.06431748,0.05608634,-0.055214755,0.0046836613,-0.018364035
0.010610454,-0.037428103,-0.009942181,-0.041799255,-0.008027117,-0.016688403
-0.062482674,0.022913212,0.02623462,-0.040367156,0.02338298,-0.042219613
0.010190603,-0.023605589,0.02718599,0.024019577,0.010392368,0.030156221
0.015190987,0.010746124,-0.032516357,-0.00801317,0.00123727,0.006824386
-0.068409964,0.016320398,0.017477656,-0.119129784,-0.025056943,-0.0024519877
0.018738974,-0.02159871,-0.010466122,0.04045666,-0.026425421,-0.106047094
0.06709211,-0.008810245,0.030556815,-0.098689236,0.011145509,-0.027476862
-0.049937777,0.101575464,0.026708802,-0.040440854,-0.03271956,0.059130628
0.037449364,-0.004073581,-0.010369859,-0.008498172,-0.018106936,-0.009614337
0.008089174,-0.030733079,0.03565779,-0.0076299673,0.06389895,-0.03734619
0.035519715,-0.0075978246,0.0044390955,-0.040335234,0.01125136,0.0705364
0.0060382327,0.075410984,0.029148854,0.033235375,-0.018820908,-0.062340688
0.04517698,-0.0006680729,-0.00047526788,-0.04535893,-0.0468804,0.056778975
-0.0034135305,0.040966958,-0.04649779,-0.05974025,0.009720143,0.0032049208
0.0026118124,-0.054842416,-0.034076933,0.06454667,-0.099547975,-0.023621248
0.010491,0.00862861,0.057764463,0.011734832,0.025105959,0.047796205
0.06833976,-0.048505493,0.0076394416,-0.054241564,0.03455107,0.035612576
0.017743263,-0.027645476,0.00097318745,0.031688154,0.04359757,-0.035177045
-0.014138668,0.017203404,0.034749832,0.02833381,-0.12781094,-0.0050698966
0.028336333,-0.010367524,0.050849214,0.03594749,-0.017690904,0.005283253
-0.08096175,-0.066522166,-0.022844134,-0.08957467,-0.06450802,0.023454845
0.007162673,0.15307778,0.0027870825,-0.02024582,-0.021060398,0.010557202
-0.037333652,0.078880325,-0.013591604,0.003214789,-0.01612552,-0.050636172
0.03461792,0.0004027503,-0.02657224,-0.082635455,-0.0011098958,-0.04652275
0.034124836,-0.100967,0.019339057,0.032511014,-0.018448753,-0.048598967
0.09687386,-0.032295674,-0.012274916,0.07597338,0.05440521,-0.0025791004
0.06449812,-0.019520693,-0.006762948,0.06559678,-0.04485533,-0.02513358
-0.011222274,0.038431395,0.033247545,0.0085156765,-0.011545448,0.047937714
0.060262825,0.03177941,-0.013920673,-0.018388957,0.008410536,0.072230995
0.013143688,0.027051378,0.06723709,0.02147879,0.023946654,-0.044596918
-0.020210916,-0.06899322,-0.06819111,-0.090699114,-0.030129742,-0.018313903
0.04747976,0.052673418,0.040862996,-0.06973208,0.012965058,-0.0030147273
0.0052365023,-0.0069179526,-0.0804266,0.012391742,0.01681144,-0.081340834
0.10538916,0.003211454,0.021529911,0.0622147,-0.01721146,-0.028085819
0.049771972,0.024996366,-0.004936582,0.0142665785,0.037478056,-0.13507824
0.00579675,0.056342542,0.0210416,0.010245153,0.11106942,0.092330344
-0.07106452,0.06505471,-0.06886298,0.032487042,0.0035256976,-0.022940692
0.0012536284,-0.070303865,-0.02712405,0.029586757,-0.041022953,-0.006681742
-0.027189992,0.004068367,-0.033467475,-0.019356642,0.047141213,0.040052544
-0.00057380326,-0.04297916,-0.05627441,0.0028725853,0.033853788,-0.02668158
0.031731993,0.020945555,-0.013488824,-0.007765432,-0.042903762,-0.007902883
-0.028720051,0.07041988,-0.037444353,0.018846637,0.0016736857,-0.033145383
-0.030175433,0.024952536,-0.023223063,-0.011708217,0.021570744,-0.02436036
-0.025580976,0.029061511,-0.055472024,0.037548777,0.022859216,-0.112346135
0.082530856,-0.025093436,0.068882465,-0.043571535,-0.023989541,-0.010736864
-0.026900016,0.017958649,0.039846834,0.10518822,0.029342545,-0.015121767
0.0040076915,-0.071961395,-0.097882815,0.026296528,0.074152336,0.09156966
-0.06733855,0.030050464,0.043483593,0.016771037,-0.032773882,-0.023271967
0.035396144,-0.045716576,-0.030942196,0.010632148,-0.042640142,0.049957007
-0.042279202,0.025417984,0.061311867,0.022179507,-0.0350834,-0.034088638
-0.008274557,-0.005211538,0.0037053372,-0.0327962,-0.028104508,0.043126784
0.013774626,0.04469247,0.021970807,-0.0040263683,0.09488275,-0.07618238
0.06014879,-0.01659096,-0.047210727,0.009487127,-0.10304559,-0.087843806
-0.008368793,-0.04916108,-0.0036800657,0.020049343,-0.048770864,0.04841366
-0.046821576,-0.029136647,-0.09883368,-0.037312765,-0.05698431,0.027879793
0.020202486,0.04903209,0.01971226,0.02020701,-0.070127614,-0.071917295
0.005351704,-0.05682263,0.05781821,0.0024647363,0.04069595,-0.06946563
-0.10526857,-0.016077701,-0.033359762,-0.061130993,-0.004968578,0.034653287
-0.06894584,0.10614718,0.037750952,0.021821512,-0.05739262,0.039290316
-0.004014971,0.051206738,-0.010542346,0.007104502,-0.006941628,-0.0050514904
0.015710974,-0.023632722,-0.020145105,0.051963065,0.015450064,-0.033699635
0.034970872,0.010062653,-0.027463093,-0.04439362,0.091183014,0.023644133
-0.036861062,0.02430327,-0.077158056,0.018088745,-0.05788767,0.036711477
0.049317457,-0.0060245446,-0.005701661,0.027059332,-0.038270205,-0.017895214
-0.04633898,0.032154817,-0.012359732,-0.0026436495,0.012490209,0.017885914
-0.004361876,0.01965029,0.019860411,0.030206421,-0.01360384,0.06576748
-0.029077247,-0.038356572,-0.06445083,-0.021543805,-0.04653572,-0.010447441
0.09428592,-0.07622375,0.011544744,0.023559112,0.01627255,0.06094512
0.06330389,-0.001728249,0.009603567,0.0124910455,0.06349031,0.0014690381
0.009299602,0.0032302304,0.053230286,0.006635148,-0.05811498,-0.012886175
0.050257243,0.058634814,0.033347093,0.030547293,-0.035139356,-0.04975514
-0.025102468,-0.009689403,0.018268395,-0.012446988,0.05018894,-0.021831188
0.06582698,-0.07757316,-0.033968832,-0.002726846,-0.10707495,0.041956626
0.044888046,0.078645065,0.011992911,0.005977434,0.028969048,-0.04719994
0.010867722,0.06703163,0.039620742,0.0324098,0.044688582,0.017838787
-0.05283037,0.043867625,-0.053525023,0.0026409228,-0.010270623,-0.09235058
-0.00079503114,-0.014159978,-0.035447612,0.029374614,-0.029814148,-0.075197935
-0.045951817,-0.032070823,0.026530175,-0.024519062,-0.00010160715,0.011222714
-0.016487125,-0.0475111,-0.0038855143,-0.02649326,-0.106216125,-0.041554336
-0.039893825,-0.031453528,0.07922236,0.05819616,-0.025031421,-0.060867622
0.06879523,-0.05402128,-0.01037142,0.092843935,0.030771505,0.0006526373
0.027798168,-0.045768034,0.011686665,0.012835958,-0.002597026,0.031965595
0.04324457,-0.02852349,0.017886601,0.04793995,0.012625337,-0.012069939
-0.058760278,-0.020228889,0.021520073,0.022911327,-0.036664434,-0.00012161686
0.056721736,-0.025593422,-0.011094617,-0.037079014,0.038405843,0.03048682
0.03408683,-0.046084836,-0.026267424,-0.075024575,-0.0009854558,-0.07537437
0.046781503,0.040260885,-0.033682812,0.05545748,-0.0048226076,-0.018380659
-0.019847104,0.030752642,0.03767745,0.09398791,0.007652341,-0.068121634
0.015472101,-0.0016604733,0.138659,0.025465416,-0.003208827,0.026086409
0.022618728,-0.10047037,-0.042500004,0.07547871,0.030982671,-0.019107975
0.044276204,-0.048305165,0.010412423,-0.0376465,0.008241583,0.04433939
-0.014031276,0.063041955,0.03506677,-0.07509074,-0.032313317,0.049260657
-0.051962547,0.039169252,0.065759115,0.025575336,-0.026872277,0.08260393
0.048674572,-0.022480523,-0.023818493,0.037650608,-0.040784985,0.01250573
0.019999659,0.05622455,0.045522973,0.0507734,0.044179793,-0.045249768
0.04574774,0.02994639,-0.0120441,-0.011052637,0.0065365564,-0.04461277
0.007863846,-0.05094673,-0.028525336,-0.059226714,-0.035608534,0.03460492
-0.021110011,0.06466671,-0.051335678,-0.0010384178,-0.0325349,0.03234346
0.0716885,-0.05825034,0.06535104,-0.050650105,-0.09252765,0.013889329
0.017599298,-0.0059579145,-0.0250765,-0.052481156,0.034247633,-0.02248638
0.023092872,0.11750203,0.058893997,0.026576445,-0.049257465,-0.02338739
0.0858933,0.05472839,0.0332945,-0.07465172,0.08973597,-0.01694115
0.01147838,-0.0015211336,0.016799748,-0.035205275,-0.08993042,0.012100141
-0.027371896,0.0013089627,-0.056961384,-0.052861378,-0.039685894,-0.032390304
-0.0088238055,0.0681707,-0.06672569,0.02414776,-0.122562155,-0.0042512785
-0.061460942,0.008923828,0.042466596,-0.05571542,0.0059051723,0.06832962
-0.047864832,-0.064574525,0.03707372,-0.025379352,-0.045708574,-0.13744013
-0.029140526,-0.026006585,-0.07869798,-0.023428775,-0.0568104,0.051525615
-0.040567927,-0.018079748,0.11373754,-0.041011386,-0.016283926,0.02109927
-0.00037777645,-0.0030869227,0.06759979,-0.057493858,0.024292924,-0.031885404
0.06317522,0.029387742,-0.0138866585,-0.0050066723,-0.041860543,0.042344395
-0.03815216,0.10871233,0.0906763,-0.031603277,-0.033108253,-0.008266789
0.011204696,-0.0050693955,0.0144902775,0.012941086,0.020050941,0.01130413
-0.04035944,-0.059167765,0.010956601,-0.021603001,0.03853532,0.012955149
-0.03172234,0.042134665,0.007962833,0.10955846,-0.03357338,0.01935113
0.04319659,0.04063719,-0.047004893,-0.012127986,-0.03315442,0.081267335
-0.053100415,0.011527863,-0.014213423,-0.058204412,-0.03192887,-0.021633465
-0.042891767,0.011664805,0.079819754,0.08890228,0.021274041,0.053590387
-0.045546833,0.019378524,0.020639868,-0.026608828,-0.025398258,-0.028462188
0.005248242,-0.026271705,0.01845891,-0.086267866,0.010940751,0.03794461
0.035523146,0.003626556,0.06297259,0.01930609,0.096320204,-0.0052373544
0.00037060148,0.042112358,0.051078767,-0.027731104,0.05679587,-0.016085468
0.026529253,-0.011573147,0.070567906,-0.0076224003,0.03818864,-0.039413664
0.061949562,-0.035529118,0.04374805,0.0217162,-0.008236889,-0.01486027
0.04156961,-0.055393696,-0.0019666231,0.005395084,-0.0014378303,-0.026693087
0.020274147,0.044634376,0.026335409,0.013367668,-0.027887346,0.039235435
0.051891066,-0.016289627,0.008790859,0.034145027,0.044141486,-0.047512677
-0.003946927,-0.020291844,0.02085125,-0.0500728,-0.044909835,-0.048421774
-0.02641911,0.042903133,0.03536366,-0.027509779,-0.040736962,0.042618643
-0.088920705,0.04815182,0.0044778604,-0.017925272,-0.016227024,-0.06553016
0.010408182,0.02260121,-0.065868,0.032947697,0.0033403896,-0.011669339
-0.016741494,0.0062046587,-0.015036805,0.036466572,0.0032081574,0.053415205
-0.00595294,-0.04883087,0.03635627,-0.041198615,0.05150788,0.099883035
-0.02442498,-0.008077382,-0.01834308,0.007616097,0.00999821,-0.010309868
0.0042394595,0.036725212,-0.0026851455,0.047657102,-0.0017190888,-0.046650518
-0.130464,0.095067844,0.024791095,0.026942126,0.041068576,0.047691952
0.013149828,0.005228895,-0.039904788,0.10564949,0.005346756,-0.044262
-0.013680815,-0.041004933,-0.0022980857,-0.022586433,0.047647547,0.0035639121
0.07668679,0.03238106,-0.07397289,0.052406013,0.016589789,-0.019553203
0.0050829,-0.1466998,-0.014366225,0.0055483254,0.020768216,0.0037045698
0.020303631,-0.012480482,0.047448277,-0.07142058,-0.0852092,-0.026001833
0.05978212,0.061248817,0.022801561,-0.124555856,0.042763952,-0.023170812
0.03218531,0.017826848,0.0036426089,-0.0031483367,0.07366384,0.031481076
-0.06291549,0.047594547,-0.06638046,-0.06083134,-0.018642412,0.010414996
0.08142056,0.0011358917,0.050229497,-0.01849889,0.002919846,0.007898983
0.13339709,-0.04594004,0.019031106,0.034808483,-0.054866593,0.03269808
0.016234236,-0.03910535,0.0543775,-0.018234361,-0.06609855,0.027289677
-0.02348485,-0.00039922455,0.06925572,-0.008952679,-0.031460755,0.034175996
0.011169348,-0.013255635,-0.026609523,0.0102054,0.011964311,-0.03214712
0.064348094,-0.021350302,0.03780743,-0.09139463,0.08188398,-0.0067250365
0.03462747,-0.052572675,-0.014992041,0.018099068,0.03376472,-0.04427247
0.022089085,0.005721343,0.009400406,-0.009241674,0.04756861,0.07101732
0.0111958515,-0.010639881,-0.017068006,0.008786358,-0.0010813675,-0.002208007
0.057812016,0.0034396627,0.051118307,-0.0717445,-0.028336229,-0.08046189
-0.013997125,0.069442615,0.013344408,0.011875957,0.012958284,0.038588148
-0.024818825,-0.045751728,0.006274164,0.017784938,-0.012563434,0.042089406
0.019245885,0.04642028,-0.025335874,0.05110083,-0.0069436976,0.0028593647
0.09358913,0.007227492,0.0483134,0.036337838,-0.06397114,0.0951058
0.0756374,-0.068061225,0.033440568,0.006084331,-0.036817238,0.01816972
0.052502837,-0.00473228,-0.024330607,-0.003779184,0.030904531,-0.008644264
-0.010986825,-0.05287684,-0.06256319,-0.021661436,-0.06583566,-0.09311823
-0.072153784,0.0699828,-0.013462606,0.121697545,0.11660051,-0.054277502
0.00774014,-0.07364778,0.006287316,-0.09963575,0.027217478,-0.006285442
0.040256955,0.031986315,-0.0048646326,-0.016638542,0.0023473671,-0.06461889
0.083280995,0.0174369,-0.046976656,-0.04494207,-0.060379673,-0.024834203
0.0063952887,0.054249074,0.010176325,0.046099212,0.006181589,0.06478757
-0.048459094,-0.023500867,-0.05017798,-0.023474209,-0.04772977,-0.09577309
0.006866869,0.038105752,0.034978025,-0.033130012,-0.037320524,-0.046095658
-0.0527171,0.01509577,-0.046288434,-0.024667172,-0.00014513516,0.02366163
-0.021592634,0.077094525,-0.07599174,-1.6159147e-05,-0.04157768,0.023516051
0.023752335,0.0019929977,-0.05962779,-0.027135912,0.025510997,-0.02216891
0.118330054,0.064691305,-0.065851204,0.044183645,-0.02000664,0.00939074
-0.0022368557,0.06808415,0.061862305,-0.018959384,0.010443239,-0.028063115
0.012898909,-0.016854625,-0.0009347432,0.020174291,0.03961994,0.012828192
0.0068942863,-0.0033702212,0.054738577,0.08853451,-0.0011433766,0.06719698
0.0725778,0.009278872,-0.05220672,0.04374371,0.06655103,0.014117979
-0.008145587,-0.02417079,0.016327366,0.053800926,0.0143292565,-0.010569817
0.029952744,-0.08583195,0.0069455663,-0.029102555,-0.08274708,-0.026566673
0.05482273,0.055678092,-0.09825938,0.033451814,0.008269502,-0.036745545
0.027102895,0.07349948,-0.030712893,0.019269004,-0.014098076,0.07297754
-0.03580047,0.010207886,-0.031566527,0.038518153,0.015008715,0.008066604
0.004558395,0.006623497,0.06577248,-0.020902112,0.025501447,-0.027988095
-0.0036174173,-0.018957501,0.06857671,0.010863462,0.07106569,0.050633553
0.010824123,-0.024853246,0.00087567716,0.01437705,0.012993275,0.024713635
0.12709543,-0.0023126344,0.038073692,0.0023393633,0.074993335,0.047506176
-0.021687323,-0.025984477,0.017136993,0.100378186,-0.03599207,0.020311335
-0.038406704,0.011105635,0.043436453,0.03365826,-0.085257106,0.034569193
0.05399371,-0.042349182,0.06861244,-0.024707358,-0.033712726,0.09610119
-0.027944641,0.064491026,-0.011788908,0.009221023,0.023863861,0.0049096714
-0.007932198,0.03800921,0.022931501,0.031619087,-0.021963768,-0.040202912
0.09059575,0.0929977,0.020329857,-0.0130976485,-0.025597956,-0.018106548
-0.056774378,0.025196569,-0.10759291,-0.009098806,-0.0293412,0.057262357
0.0063393195,0.0037233108,0.04131795,-0.07979553,-0.011203735,-0.031711508
0.056105696,-0.007093087,0.033479724,0.011050638,0.026278019,0.00037421932
0.003587136,0.014658857,0.008576081,0.039251022,-0.022460364,-0.07576949
-0.023468949,-0.010934838,-0.022010606,-0.03410215,-0.1029391,-0.07199666
0.059834365,-0.012890958,-0.009675692,0.0011607636,0.022260811,0.00054307946
-0.0075350422,-0.02924604,-0.038950287,-0.0226341,0.043016322,-0.007028829
-0.062189355,0.015641984,0.04497244,-0.062569894,0.05175299,0.060878523
0.031385522,-0.025358178,-0.10225848,0.04608605,0.044818424,0.0009875016
0.06032488,0.041475873,-0.012978849,-0.012402728,-0.03266185,-0.006784402
-0.053242717,-0.015811153,-0.00019369836,-0.015933344,-0.054532588,0.04497602
-0.01831796,-0.025576603,-0.037569173,-0.043353993,0.032638915,-0.06422349
0.07973641,0.029416824,-0.058493372,-0.0024013459,-0.0032485647,0.021157967
-0.020396922,-0.00062700105,-0.12075645,0.00606802,0.010480947,-0.066069804
0.05677019,-0.038211443,-0.036332883,0.08114497,0.019548949,0.0027416134
-0.031543434,-0.007864814,-0.048364367,0.08393433,0.02979507,0.06932447
-0.12353892,0.0478855,-0.059219975,-0.003835754,-0.016485365,0.002421359
-0.043554008,-0.022285996,-0.033657927,-0.087772936,0.0051802755,-0.018091746
-0.0075649833,0.027655825,-0.008644335,-0.04453794,-0.08852806,-0.0774156
-0.042612515,-0.014178356,-0.01916779,0.021057203,-0.0013866654,0.004985957
-0.01801308,-0.011478492,-0.038995236,-0.017228905,-0.026123295,0.013296784
-0.0308581,-0.029923033,-0.053818393,0.022116896,0.0145147005,-0.04512789
0.0024156533,0.0042302255,0.015966825,-0.03298213,-0.047597703,0.033601724
0.035160113,-0.08579846,-0.052359443,0.040547352,0.04833484,-0.041114517
0.026096877,-0.04057519,-0.08770454,-0.017497955,-0.02431486,0.030877078
-0.03390183,-0.023894321,0.107626945,-0.021323998,-0.00825958,-0.02493038
-0.030965451,-0.015215793,-0.02927869,-0.039103836,-0.04792934,-0.010569167
-0.08511002,0.0067539676,-0.06362338,-0.06688747,-0.0410952,-0.00508731
0.0428117,-0.025055088,-0.024539394,0.014228123,-0.11535461,-0.051634613
0.04326829,0.050607465,0.035594802,0.07120249,-0.049908534,-0.108429715
-0.012144635,-0.009093874,-0.05491046,0.022655874,0.028519563,0.042240884
-0.023275444,0.01844271,-0.03261882,0.032357436,0.032672446,-0.09238104
0.060754284,-0.02961606,0.0075502,0.012991623,-0.053541988,0.068990976
-0.03114623,-0.028031219,-0.010548266,-0.0071613025,-0.024988238,-0.053727865
0.053852055,-0.015318248,-0.0056947987,0.034283873,-0.004167469,-0.013667116
-0.0066250036,-0.0433974,0.02479239,-0.029790219,0.04125455,-0.008911426
-0.06735475,0.066376396,-0.04847112,0.017941233,0.09606613,0.0006848449
-0.051693846,-0.05122811,0.06714872,0.01886065,0.050016697,0.04169778
0.0059393644,-0.040440906,-0.06106749,0.052404266,0.009690613,-0.027520163
-0.033045974,0.0007769832,0.026832711,0.01540606,-0.042583868,0.029466167
-0.042725816,-0.08140614,-0.0061120605,-0.002993752,0.0015986486,-0.01101217
0.018379787,-0.07101506,0.015653318,-0.03203269,-0.010040256,0.01939477
-0.06963736,-0.10491921,0.028781436,-0.013914813,0.014965047,-0.07315767
0.04015922,0.018980242,0.0062296567,0.012878327,-0.0022568442,-0.02268255
0.10439508,0.046979252,-0.028889507,-0.0026091202,-0.02344837,-0.0053649456
-0.075401835,-0.008373253,-0.012761897,-0.0956325,-0.05391677,-0.0044247103
-0.058604073,-0.03539307,-0.038048275,-0.021899464,-0.054133233,0.010152048
0.058706146,-0.01891763,-0.032254156,-0.04348094,-0.024167944,0.070598505
0.058495406,-0.018444635,-0.0028359871,-0.044928916,-0.026898544,0.06676135
0.06719343,0.03864225,0.0033363479,0.06352754,-0.014855604,-0.02577685
-0.049239002,0.0011052673,-0.008165505,-0.03917233,-0.008839801,-0.03628986
0.026435982,0.01769701,0.04384611,-0.038171794,-0.046084363,-0.001569776
0.009508841,-0.08900185,-0.027429486,0.0573698,-0.072769105,0.032278296
-0.020200869,-0.0045413994,0.01460217,0.072151236,-0.004982982,0.05052062
0.02837822,-0.03875839,0.063088395,-0.0014085142,0.0043016835,0.010062278
0.054908056,-0.006339364,0.0268077,0.05001046,0.00043835226,-0.058922872
-0.03427958,-0.027721893,0.023672236,0.036900282,-0.008145121,0.03905564
-0.0068122447,-0.047799494,0.026196431,-0.09583679,-0.007447506,0.052710526
0.056789648,-0.055524006,-0.040300593,-0.020712763,-0.07869621,-0.034923438
-0.028020514,0.06536624,0.0086357705,-0.013469036,-0.0153753385,-0.01586419
-0.010549466,-0.07845243,-0.065281905,-0.018579496,-0.026645958,-0.041996405
-0.020128097,0.036561597,0.07791954,-0.0037738162,0.055984907,-0.014617353
0.01910488,0.045348555,-0.020041602,-0.012728324,0.009327932,-0.009490507
0.0071004536,-0.015642224,-0.004311591,-0.006784886,-0.06874885,-0.07204206
0.0090526575,-0.048856784,-0.054282792,0.024777502,0.010554369,-0.00556431
-0.04078105,-0.038607612,0.078527555,0.038593367,-0.059652098,-0.037801668
0.008071985,-0.06670159,-0.13288914,0.0127396155,-0.032174762,-0.02657686
0.05619098,-0.005027951,0.06135409,0.0554875,0.07652072,-0.033355005
-0.02058404,0.05794234,-0.005561909,0.061446134,0.030093487,-0.020423288
-0.0534509,0.02782728,0.014274631,0.01760562,0.000524903,-0.01160234
-0.03629602,-0.0014225836,-0.012036717,-0.011996155,0.08104346,-0.058504965
-0.035488404,-0.050235096,-0.03184174,-0.059856262,-0.083481126,0.005335269
-0.0099471845,-0.057387616,-0.0596068,0.013116491,-0.063423,0.022413187
0.019629955,-0.04465875,-0.0037895392,-0.033062685,0.030829322,-0.038298365
-0.039303843,0.015979325,0.04381158,0.055128902,0.050164297,-0.005031472
-0.07576432,0.020514473,0.0329795,-0.02787066,-0.01476715,-0.0029580796
0.0032075625,-0.007475897,0.025663218,0.015261884,0.023091296,-0.017665127
0.12378805,-0.053909205,0.043651477,0.0056701577,0.007843887,-0.06361079
0.0073120203,0.022140471,0.05623678,0.0038667677,-0.0036727842,-0.007665376
-0.02158862,-0.015726639,0.032185704,-0.011744634,-0.04725308,-0.00096860714
-0.029734535,-0.05970912,-0.034219522,-0.054385256,0.035408553,-0.056588512
0.015669018,0.056476075,-0.06375109,-0.08706782,0.046339456,0.00250681
0.031355605,-0.03126889,0.067504175,-0.045346506,-0.03417792,-0.024720049
2.0123189e-05,0.01670416,0.038133815,0.0353613,0.010858049,0.008234228
-0.017084287,-0.008518067,-0.027331995,-0.046097368,0.08941933,-0.053810462
-0.06932125,-0.056054477,-0.0032286409,-0.06553885,-0.045343757,0.034198195
-0.058208685,0.025205828,-0.028827982,0.00012544243,0.039018877,-0.030065747
-0.042424664,0.035666775,0.005621414,-0.041405573,0.013515117,0.011858212
-0.022224633,-0.011943938,-0.024726016,0.04421653,0.052379433,0.015839597
0.008413837,0.0034325279,0.02575585,-0.011085685,-0.021390637,0.0008362759
0.02108835,0.013375507,-0.013352996,-0.049853623,0.06842398,0.07382158
0.050442915,0.015010919,0.011329372,0.047256783,-0.002387444,0.015300072
-0.038400237,0.059511345,0.09248061,0.048039995,-0.002853015,0.052326947
0.07558815,-0.025071012,0.024966875,0.006830168,-0.031818718,-0.044406448
-0.08193526,-0.08112418,-0.0022638242,-0.00047542492,0.06776924,-0.003170618
0.010934142,-0.054081567,0.019043393,0.06284322,-0.005291476,0.0043667406
-0.027807483,0.0057442677,-0.01259014,0.06274834,-0.021574652,0.022643508
0.041045807,-0.028485844,-0.07828134,0.0073517505,0.054324854,0.0067695105
-0.041276883,-0.0029990687,0.0006183683,-0.034523223,0.042039845,-0.031215927
0.0479801,0.08037658,0.092405245,-0.020287892,0.06283418,-0.0030526202
0.008883023,-0.011830595,-0.053073455,-0.0023423138,-0.03586877,-0.05020123
-0.020619683,0.038942285,-0.02762806,0.040701214,-0.08485559,0.02294186
0.076102674,-0.003087665,0.019625992,0.03776766,-0.048750114,-0.0054470226
-0.03270076,-0.005192778,-0.03271378,0.01970941,-0.015967442,0.094079465
-0.035987493,-0.030558055,-0.016066507,0.02936708,-0.057692353,-0.023222886
0.03290335,0.017102467,-0.053903177,0.0069969906,-0.03389456,-0.05095197
-0.038073797,0.02260767,-0.0136276055,0.015056326,-0.02936312,-0.10879039
-0.0053026006,0.012194305,0.09877369,0.0052240645,-0.03835399,-0.0032188082
-0.062479094,0.03824836,0.0017977621,0.00061420765,-0.019238355,-0.04813809
0.016314251,-0.025703466,-0.08392656,-0.005362182,-0.040858872,-0.025957532
0.010663769,-0.019625645,0.025083104,0.06950921,0.03699416,0.065475866
-0.019117702,0.008015267,0.057481743,-0.01225878,-0.022524757,0.020754589
0.01859092,0.03647562,-0.04305912,-0.022781176,-0.036349293,0.004459163
-0.0039316495,0.06582837,0.042198878,-0.041558117,-0.022111673,0.013230849
0.0304266,-0.029871091,-0.0047758576,-0.010807406,0.08606275,-0.044757854
0.0036318756,0.042529248,0.004186002,0.09441085,-0.026826372,0.055474564
-0.019501476,-0.0021604514,0.04072121,0.032194715,0.026049228,-0.020637587
0.014155941,0.03934635,0.00088993623,-0.10344538,-0.06648676,-0.0020787055
0.033968747,-0.008817841,0.028425084,0.03938013,0.02241182,-0.05591125
0.035614427,0.08364619,0.017904349,-0.006521435,0.009801034,0.01571128
-0.00041434637,0.018487226,-0.03190598,-0.003103479,-0.03423453,-0.0052592717
0.10481051,-0.0011773143,0.009867002,-0.01350981,-0.022034187,0.04261123
-0.03832134,0.019017084,0.057167936,0.014091179,-0.0050621093,0.006384167
-0.004639089,0.013347502,0.03216966,-0.023612738,-0.033801265,-0.02582958
0.005101728,0.024859553,-0.045635898,-0.034651607,0.015526746,-0.0012623301
0.0031868943,-0.11599684,0.034267653,0.007862975,0.011229702,-0.043782778
0.01226064,0.034345012,0.0644099,0.03969664,-0.028141718,0.07277946
-0.032060184,-0.025678089,-0.07629927,0.04680671,-0.01011628,-0.026805626
0.013850405,-0.037293307,0.034295764,-0.013787908,0.030478917,0.0033962084
0.0061620073,-0.05891287,-0.089424714,-0.035806336,-0.019135008,-0.032218736
0.005796967,-0.019594816,0.02719935,-0.008824559,-0.06365175,0.012358204
-0.047951464,-0.012127822,-0.01124342,0.04815797,0.01414104,0.04595683
-0.048383363,-0.040815167,-0.04969775,-0.027405197,-0.01546951,0.004885041
0.080847315,-0.030178173,-0.12980475,0.04085677,-0.027710808,-0.011303237
0.022156863,-0.011015481,0.027161423,0.1322284,-0.05752491,0.04718263
0.029678762,-0.0065441183,0.009689451,-0.00226781,0.034587212,-0.030477772
-0.07515539,-0.05900863,-0.07023159,-0.009145566,-0.019313373,0.028257245
-0.0038143788,-0.011035387,-0.032496635,0.08373437,-0.05034765,-0.023033494
0.0036178536,-0.041042432,-0.030166278,-0.07935424,-0.0063379174,-0.054995123
-0.007256509,0.025524132,-0.08641461,-0.06631256,0.0139812445,0.037576716
-0.03945648,0.01601214,-0.019030856,-0.02077298,-0.020444015,-0.011688686
0.04066995,-0.02317616,0.05697127,0.08237853,0.0016944028,0.044533618
-0.07262423,-0.0018287329,-0.02314409,-0.08887628,0.035159145,0.006636299
-0.036093686,0.016448457,0.04800891,0.005990641,0.0064384616,-0.023091337
0.034304995,0.063268475,-0.022836424,0.043192837,-0.0026876142,-0.0096086245
-0.018785177,0.054950014,-0.03765669,-0.011573664,0.054723777,-0.111589454
-0.0074077263,0.14026912,-0.0069141956,-0.031294957,0.024720583,-0.043303058
0.0018497257,0.040357117,0.021751327,0.0123971095,0.012849897,-0.05711483
0.029134281,0.013481049,-0.029273873,0.044620372,-0.01584923,-0.04060823
-0.04130517,-0.029604908,-0.034544542,0.09522948,0.0645383,0.034097053
0.0294709,0.0058055255,0.04589467,0.057891265,-0.018276554,-0.056923397
-0.010431465,-0.021500882,0.053436596,0.009057466,0.01661864,0.06765512
0.05965495,0.037973315,-0.019902067,-0.022020817,0.028793689,-0.050128583
-0.035225086,0.032767806,5.1418014e-05,0.064785115,-0.039158594,0.022217453
-0.06981081,-0.024463251,-0.026040498,0.024343543,0.018124986,-0.053487223
0.12225421,0.023557618,-0.024497963,-0.0067634825,0.022786707,0.009195897
0.0072783316,0.04568402,0.0070785447,-0.03687064,0.057928715,0.019372761
0.017381279,-0.029064374,-0.06723363,-0.07074376,0.07952016,0.022997968
-0.032049786,0.0027336578,0.007854569,0.016626397,-0.028467473,-0.0201403
-0.00074837345,-0.031412132,0.00863801,-0.048264652,0.074963726,-0.027785089
0.017376889,0.036332246,-0.023708848,0.00835323,0.064223826,-0.014069318
-0.004887045,-0.043922395,-0.04400863,0.05044978,-0.12527135,-0.05337885
0.036032505,-0.035844214,-0.03393176,-0.021601908,0.022706348,0.00777529
-0.008136202,-0.026818754,-0.007406442,0.022986453,0.05119661,-0.013331234
0.09412027,0.04554159,-0.033594213,0.015418862,-0.0037406085,-0.024244748
0.046395924,-0.01567353,0.03856636,-0.025919782,-0.031799935,-0.027132088
0.0050430717,-0.032546706,-0.036658563,0.12840322,0.036606304,-0.05428918
0.036219925,0.022683797,-0.01580735,-0.041208778,-0.04877011,-0.008550077
0.033635613,-0.0368213,0.03664524,0.012703783,-0.02348343,0.0327318
-0.030022109,-0.04091588,0.028852962,-0.02293491,0.035304073,0.0013617269
-0.040262572,-0.0321335,-0.058887616,0.0035393385,0.07081512,-0.05718336
-0.002115873,0.008321307,-0.05185339,-0.004447195,0.072239004,0.006982001
-0.010947113,-0.019234175,0.0280764,-5.820733e-05,-0.07288196,-0.07986661
-0.01691496,-0.063337386,0.027322717,-0.010006805,0.018277466,-0.012450288
0.02749402,-0.014967448,0.075149424,-0.034530383,0.066212006,0.07230391
0.11880772,0.047503203,0.019384108,0.064940855,-0.004761553,0.047942664
0.057564043,-0.031522542,0.055651017,0.030060247,-0.019416315,-0.023605084
0.0009741154,0.027719006,-0.09793521,0.040475316,0.06454411,-0.10095053
-0.002675234,0.0055821408,-0.05224269,0.05068974,-0.10062524,-0.033518247
-0.010437233,-0.0016513298,-0.017228266,-0.014527765,-0.017560933,-0.052641798
-0.030348925,-0.02153168,0.06933968,-0.041768316,0.068831906,-0.013535314
0.021795645,0.043663602,0.08286431,0.057681024,0.060093384,0.080794714
0.011762428,0.044331912,0.02576904,0.00956836,-0.07121596,-0.010216564
-0.054940447,0.046204496,0.015346985,-0.014552983,-0.018823953,-0.004359697
-0.09890664,0.03073366,0.025673542,-0.012533068,0.051843323,0.06854358
-0.0056546996,0.04120597,0.0022460946,-0.034510802,0.010174544,-0.033199027
0.07938604,0.028688977,0.021974327,-0.027543575,-0.008446552,-0.036594436
0.06944101,0.10439893,0.008888104,0.009857867,0.05404925,0.007568644
0.0010020795,-0.05751848,0.004571487,0.016530227,-0.011720654,0.053478286
0.040185533,0.048004735,0.030986728,0.0007516656,-0.010675032,-0.016249407
-0.10541442,0.019254144,0.011177211,0.04378737,0.018415082,-0.015748482
0.008858638,0.064809136,0.04668837,-0.0007751775,0.033854198,0.0244669
0.008991576,-0.007868015,0.0016900145,-0.05005109,0.052821346,0.009587562
-0.009516072,0.051620774,-0.0015991115,-0.03152549,0.025113827,-0.04338064
0.05187056,0.019417671,0.024042577,0.005011151,0.039180238,-0.00021573946
0.06285808,-0.03139231,-0.07163876,0.003941266,-0.11631087,-0.0013150367
-0.046476796,-0.010010476,0.017321236,-0.014305654,-0.029540919,-0.01401244
-0.008241924,0.08660364,0.026261775,-0.006968747,-0.044344466,-0.0038424549
0.045217283,0.02307316,-0.019536939,0.035566814,-0.043580927,-0.065700285
-0.043038577,0.034133483,0.01070395,0.005909813,-0.029357163,0.0005295455
0.021514405,0.044273525,-0.10439958,0.036717165,0.07341978,0.020869829
0.025702318,0.022363951,-0.04268369,-0.06444831,0.050621014,0.008225746
-0.06014538,0.05788277,0.042483017,0.024703573,0.06516231,0.068950295
0.030836545,0.034955945,0.025507279,-0.02201591,0.075666375,0.045550976
-0.0021001066,-0.019797264,-0.013073935,0.00042054706,-0.018306876,0.043455403
-0.004249229,-0.020192504,0.0069530825,0.02743365,-0.014367748,0.11519075
-0.004695952,0.033632163,0.031622283,0.01693672,0.03351035,0.03132171
-0.007945798,0.10239462,-0.068972304,-0.017620768,-0.09414554,0.036913544
-0.04381102,-0.0069323885,0.08514247,-0.06423784,-0.03487224,0.04643102
-0.06818801,-0.060864057,-0.106948584,0.018475087,-0.019387119,-0.0035648036
-0.035388384,-0.007983222,-0.04866049,0.01732677,0.012173283,-0.0034796698
0.033844225,-0.06743743,0.007165693,-0.044925097,-0.019240681,0.0037082927
0.050451223,-0.08111094,0.00230367,-0.06895746,0.07311405,0.058224667
0.06487275,0.050787948,0.020665132,-0.013502169,-0.001037251,0.024532022
0.03616389,0.01717166,0.04275539,-0.069887914,-0.08483402,-0.12025446
-0.042904526,0.006762599,0.0060595614,-0.002251979,-0.03028839,0.012644772
-0.037391447,0.038786665,0.016117128,0.11188159,0.054128677,-1.143999e-05
-0.022732636,0.09182696,0.069478035,0.0031000173,0.042794615,-0.02381018
-0.050769925,0.0010841726,-0.014906247,-0.013307014,-0.02226864,0.04448167
0.02999995,-0.04050977,-0.034429494,-0.05101308,-0.04509169,-0.11650469
-0.0046014492,-0.015784763,-0.025827212,0.030165145,-0.028370809,0.056623273
0.08117474,0.1157549,-0.03157121,0.06677453,0.025548385,0.06000557
0.041606866,-0.029791027,-0.031076021,0.036745224,0.05192404,0.0831363
-0.043361656,0.0643996,0.059534993,0.014421667,0.047859583,-0.031710368
-0.010076648,0.078399524,0.023056172,0.027770452,-0.021249209,0.0007191573
-0.04323352,0.003382464,0.05493774,-0.10245756,-0.0669458,-0.0071137524
0.022049677,-0.06625139,0.0316921,-0.018996201,0.028507974,0.007640532
-0.052871473,-0.0342396,0.012664919,0.01739886,-0.005438271,-0.034426644
-0.015369844,0.053064592,0.031002752,0.07710733,0.04009118,-0.0024219078
-0.030771334,-0.07371101,0.04859998,-0.04307099,0.025532236,0.028568866
0.012431081,0.013905013,-0.019601295,0.029714024,0.06995776,-0.047507565
0.08112644,-0.0016075551,0.020487104,-0.073623,-0.0077760085,0.06497574
-0.037362166,-0.019490724,0.0008764607,-0.0066725253,-0.0062439297,0.047456704
-0.0119571835,0.03900163,0.047242843,0.018332388,0.065072075,0.030154549
-0.017509393,0.034655254,0.021539994,0.034999017,-0.047579665,-0.04896596
-0.04139959,-0.016257351,0.10106293,-0.04174326,-0.01709275,0.004718891
-0.001102034,0.0025745481,0.07950514,-0.022082739,-0.0065149358,-0.018148763
-0.0723698,-0.030870672,-0.01845429,0.017849252,-0.06343556,-0.012950305
0.0826135,0.007129511,-0.03590925,0.005175444,-0.077819414,0.067487285
-0.05544854,-0.013245177,-0.014455017,-0.0033309357,-0.038421936,-0.040719632
-0.053160474,0.022188438,0.07732149,-0.015307539,0.02775682,-0.018880187
0.009962487,-0.0138631435,0.03849161,-0.02950892,-0.030198077,0.014710764
-0.0021139996,0.008192237,0.018861756,0.029422117,-0.024126569,-0.005787245
-0.003929034,0.051967308,0.041106932,-0.031162674,0.005667085,0.03543156
-0.0045135277,-0.03844868,0.016456671,-0.05271959,0.060245547,-0.029944934
-0.014446638,-0.10127822,0.029402357,-0.020348465,0.014228363,0.0352864
0.00665069,0.03272802,-0.037887763,0.001388036,0.055283807,0.043564532
-0.008886943,-0.01017974,-0.039748166,-0.014842544,-0.07836868,-0.07464397
0.0051342538,-0.028739594,-0.019749755,-0.035072606,0.06918638,-0.06332289
-0.0039180852,-0.089019895,-0.021552466,-0.03138708,-0.012847357,-0.06034904
0.0033194812,0.04991406,-0.013850815,0.020057553,0.013261841,-0.019450549
-0.057442423,-0.014401795,0.102753796,-0.009222803,-0.014777902,0.07720384
-0.0712849,-0.03387888,0.008530195,0.028759558,0.06365587,0.020046018
-0.011234852,-0.028686149,0.014595173,-0.010348561,-0.02740084,-0.013974618
